"","artistName","category","trackName","energy","startTime","energy_level","genre","duration"
"1","ABBA","studia","Gimme! Gimme! Gimme! (A Man After Midnight)",0.491,2022-12-28 20:00:19,"medium","europop",30
"2","Agar Agar","inne","Prettiest Virgin",0.487,2022-12-29 16:49:46,"medium","electro-pop francais",8
"3","Agar Agar","studia","Prettiest Virgin",0.487,2022-12-29 16:49:46,"medium","electro-pop francais",317
"4","Albo Inaczej","studia","Ostatnia Prosta",0.535,2022-12-29 18:32:22,"medium","polish alternative",231
"5","alt-J","studia","Breezeblocks",0.658,2022-12-29 15:52:12,"medium","indie rock",227
"6","Andy Williams","inne","It's the Most Wonderful Time of the Year",0.598,2022-12-27 13:08:28,"medium","adult standards",27
"7","Andy Williams","studia","Happy Holiday / The Holiday Season",0.451,2022-12-18 20:05:23,"medium","adult standards",110
"8","Andy Williams","studia","It's the Most Wonderful Time of the Year",0.598,2022-12-27 13:08:28,"medium","adult standards",99
"9","Arab","inne","Leśna piosenka",0.686,2022-12-19 21:50:58,"fast","polish alternative rap",1
"10","Arab","inne","Leśna piosenka",0.686,2022-12-21 15:27:28,"fast","polish alternative rap",17
"11","Arab","inne","Pianista ze szlugiem",0.511,2022-12-21 15:02:03,"medium","polish alternative rap",2
"12","Arab","studia","Ballada",0.375,2022-12-21 16:31:21,"medium","polish alternative rap",147
"13","Arab","studia","Leśna piosenka",0.686,2022-12-21 15:27:28,"fast","polish alternative rap",251
"14","Arab","studia","Letnia piosenka",0.29,2022-12-21 15:59:37,"slow","polish alternative rap",100
"15","Arab","studia","Momenty (prod. Louis Villain)",0.514,2022-12-21 15:43:11,"medium","polish alternative rap",174
"16","Arab","studia","Pianista ze szlugiem",0.511,2022-12-21 15:02:03,"medium","polish alternative rap",280
"17","Arab","studia","Sorrow",0.812,2022-12-21 14:51:29,"fast","polish alternative rap",132
"18","Arab","wolne","Letnia piosenka",0.29,2022-12-21 15:59:37,"slow","polish alternative rap",83
"19","asthma","inne","centrala",0.772,2022-12-27 18:34:45,"fast","polish alternative rap",63
"20","asthma","inne","charakterystyka bloku",0.515,2022-12-26 22:37:28,"medium","polish alternative rap",63
"21","asthma","inne","charakterystyka bloku",0.515,2022-12-27 14:58:28,"medium","polish alternative rap",55
"22","asthma","inne","charakterystyka bloku",0.515,2022-12-27 19:37:28,"medium","polish alternative rap",2
"23","asthma","studia","centrala",0.772,2022-12-26 23:28:45,"fast","polish alternative rap",139
"24","asthma","studia","centrala",0.772,2022-12-27 18:34:45,"fast","polish alternative rap",64
"25","asthma","studia","charakterystyka bloku",0.515,2022-12-26 22:37:28,"medium","polish alternative rap",123
"26","asthma","studia","charakterystyka bloku",0.515,2022-12-27 14:58:28,"medium","polish alternative rap",132
"27","asthma","studia","charakterystyka bloku",0.515,2022-12-27 17:07:13,"medium","polish alternative rap",46
"28","asthma","studia","charakterystyka bloku",0.515,2022-12-27 19:37:28,"medium","polish alternative rap",115
"29","asthma","wolne","charakterystyka bloku",0.515,2022-12-27 14:58:28,"medium","polish alternative rap",4
"30","asthma","wolne","charakterystyka bloku",0.515,2022-12-27 19:37:28,"medium","polish alternative rap",25
"31","Avi","inne","Módl się za nami",0.701,2022-12-18 16:10:29,"fast","polish hip hop",3
"32","Avi","wolne","Módl się za nami",0.701,2022-12-18 16:06:29,"fast","polish hip hop",119
"33","Avi","wolne","Módl się za nami",0.701,2022-12-18 16:10:29,"fast","polish hip hop",123
"34","Baba Hassan","inne","Dzieciaki z Ulicy",0.499,2022-12-21 15:38:13,"medium","polish hip hop",48
"35","Baba Hassan","studia","Dzieciaki z Ulicy",0.499,2022-12-21 15:38:13,"medium","polish hip hop",22
"36","Bedoes 2115","inne","Chłopaki nie płaczą",0.519,2022-12-29 17:02:28,"medium","polish hip hop",108
"37","Bedoes 2115","studia","Chłopaki nie płaczą",0.519,2022-12-29 17:02:28,"medium","polish hip hop",96
"38","Belmondawg","inne","Choppin' Dem Thangs",0.578,2022-12-28 10:00:19,"medium","polish alternative rap",8
"39","Belmondawg","inne","Followup",0.627,2022-12-27 19:08:27,"medium","polish alternative rap",22
"40","Belmondawg","inne","P.S.W.I.S. - DJ Eprom Remix",0.683,2022-12-26 23:24:03,"fast","polish alternative rap",5
"41","Belmondawg","inne","P.S.W.I.S. - DJ Eprom Remix",0.683,2022-12-27 18:54:03,"fast","polish alternative rap",78
"42","Belmondawg","inne","Piekarenka (Upgrade)",0.727,2022-12-19 22:25:24,"fast","polish alternative rap",3
"43","Belmondawg","inne","Piekarenka, ale to '96",0.729,2022-12-22 12:04:31,"fast","polish alternative rap",9
"44","Belmondawg","inne","Piekarenka, ale to '96",0.729,2022-12-22 12:30:08,"fast","polish alternative rap",103
"45","Belmondawg","inne","Piekarenka, ale to '96",0.729,2022-12-22 12:42:41,"fast","polish alternative rap",138
"46","Belmondawg","inne","Piekarenka, ale to '96",0.729,2022-12-22 12:58:41,"fast","polish alternative rap",111
"47","Belmondawg","inne","Piekarenka, ale to '96",0.729,2022-12-22 19:34:41,"fast","polish alternative rap",4
"48","Belmondawg","inne","Piekarenka, ale to '96",0.729,2022-12-26 22:17:36,"fast","polish alternative rap",1
"49","Belmondawg","inne","Piekarenka, ale to '96",0.729,2022-12-27 14:39:41,"fast","polish alternative rap",35
"50","Belmondawg","inne","Piekarenka, ale to '96",0.729,2022-12-27 14:53:41,"fast","polish alternative rap",48
"51","Belmondawg","inne","Piekarenka, ale to '96",0.729,2022-12-29 15:41:41,"fast","polish alternative rap",1
"52","Belmondawg","inne","Truteń (Remastered)",0.707,2022-12-27 18:30:48,"fast","polish alternative rap",14
"53","Belmondawg","studia","Aglio Olio e Peperoncino",0.634,2022-12-27 18:42:25,"medium","polish alternative rap",132
"54","Belmondawg","studia","Aglio Olio e Peperoncino",0.634,2022-12-27 20:04:25,"medium","polish alternative rap",130
"55","Belmondawg","studia","CAPTCHA",0.528,2022-12-27 19:22:39,"medium","polish alternative rap",106
"56","Belmondawg","studia","Choppin' Dem Thangs",0.578,2022-12-28 10:00:19,"medium","polish alternative rap",37
"57","Belmondawg","studia","Followup",0.627,2022-12-26 23:39:27,"medium","polish alternative rap",120
"58","Belmondawg","studia","Followup",0.627,2022-12-27 19:08:27,"medium","polish alternative rap",73
"59","Belmondawg","studia","P.S.W.I.S. - DJ Eprom Remix",0.683,2022-12-26 23:24:03,"fast","polish alternative rap",39
"60","Belmondawg","studia","P.S.W.I.S. - DJ Eprom Remix",0.683,2022-12-27 18:54:03,"fast","polish alternative rap",21
"61","Belmondawg","studia","P.S.W.I.S. - DJ Eprom Remix",0.683,2022-12-27 20:13:03,"fast","polish alternative rap",116
"62","Belmondawg","studia","Pappardelle all'arrabbiata",0.805,2022-12-26 22:40:43,"fast","polish alternative rap",49
"63","Belmondawg","studia","Pappardelle all'arrabbiata",0.805,2022-12-27 15:04:43,"fast","polish alternative rap",114
"64","Belmondawg","studia","Pappardelle all'arrabbiata",0.805,2022-12-29 18:24:43,"fast","polish alternative rap",147
"65","Belmondawg","studia","Piekarenka (Upgrade)",0.727,2022-12-19 22:25:24,"fast","polish alternative rap",106
"66","Belmondawg","studia","Piekarenka (Upgrade)",0.727,2022-12-28 10:13:00,"fast","polish alternative rap",123
"67","Belmondawg","studia","Piekarenka, ale to '96",0.729,2022-12-19 22:23:41,"fast","polish alternative rap",119
"68","Belmondawg","studia","Piekarenka, ale to '96",0.729,2022-12-19 22:27:41,"fast","polish alternative rap",100
"69","Belmondawg","studia","Piekarenka, ale to '96",0.729,2022-12-26 22:17:36,"fast","polish alternative rap",113
"70","Belmondawg","studia","Piekarenka, ale to '96",0.729,2022-12-27 14:39:41,"fast","polish alternative rap",57
"71","Belmondawg","studia","Piekarenka, ale to '96",0.729,2022-12-27 14:53:41,"fast","polish alternative rap",68
"72","Belmondawg","studia","Piekarenka, ale to '96",0.729,2022-12-28 19:47:41,"fast","polish alternative rap",129
"73","Belmondawg","studia","Piekarenka, ale to '96",0.729,2022-12-29 11:39:41,"fast","polish alternative rap",138
"74","Belmondawg","studia","Piekarenka, ale to '96",0.729,2022-12-29 15:41:41,"fast","polish alternative rap",120
"75","Belmondawg","studia","Te Tereny",0.523,2022-12-26 23:05:22,"medium","polish alternative rap",94
"76","Belmondawg","studia","Te Tereny",0.523,2022-12-27 17:15:22,"medium","polish alternative rap",88
"77","Belmondawg","studia","Te Tereny",0.523,2022-12-27 19:47:22,"medium","polish alternative rap",107
"78","Belmondawg","studia","Truteń (Remastered)",0.707,2022-12-27 18:30:48,"fast","polish alternative rap",21
"79","Belmondawg","studia","Truteń (Remastered)",0.707,2022-12-27 19:58:48,"fast","polish alternative rap",54
"80","Belmondawg","wolne","Choppin' Dem Thangs",0.578,2022-12-28 10:00:19,"medium","polish alternative rap",1
"81","Belmondawg","wolne","Followup",0.627,2022-12-26 23:39:27,"medium","polish alternative rap",2
"82","Belmondawg","wolne","P.S.W.I.S. - DJ Eprom Remix",0.683,2022-12-26 23:24:03,"fast","polish alternative rap",2
"83","Belmondawg","wolne","Pappardelle all'arrabbiata",0.805,2022-12-26 22:40:43,"fast","polish alternative rap",63
"84","Belmondawg","wolne","Pappardelle all'arrabbiata",0.805,2022-12-27 15:04:43,"fast","polish alternative rap",1
"85","Belmondawg","wolne","Piekarenka (Upgrade)",0.727,2022-12-28 10:13:00,"fast","polish alternative rap",4
"86","Belmondawg","wolne","Piekarenka, ale to '96",0.729,2022-12-22 13:39:41,"fast","polish alternative rap",138
"87","Belmondawg","wolne","Piekarenka, ale to '96",0.729,2022-12-28 19:47:41,"fast","polish alternative rap",12
"88","Belmondawg","wolne","Piekarenka, ale to '96",0.729,2022-12-29 15:41:41,"fast","polish alternative rap",3
"89","Belmondawg","wolne","Te Tereny",0.523,2022-12-26 23:05:22,"medium","polish alternative rap",3
"90","Belmondawg","wolne","Te Tereny",0.523,2022-12-27 17:15:22,"medium","polish alternative rap",18
"91","Białas","wolne","Demoralizuje",0.838,2022-12-18 16:20:01,"fast","polish hip hop",193
"92","Blaga","studia","Pan i Mistrz",0.507,2022-12-21 16:09:52,"medium","klubowe",67
"93","Bobby Helms","inne","Jingle Bell Rock",0.424,2022-12-27 12:49:49,"medium","adult standards",140
"94","Breakdown Brass","studia","Next Episode",0.86,2022-12-22 13:33:49,"fast","street band",72
"95","Brenda Lee","inne","Rockin' Around The Christmas Tree",0.472,2022-12-27 12:51:53,"medium","adult standards",23
"96","Brenda Lee","studia","Rockin' Around The Christmas Tree",0.472,2022-12-27 12:51:53,"medium","adult standards",66
"97","Bryan Adams","inne","Christmas Time",0.582,2022-12-18 20:12:53,"medium","canadian pop",174
"98","Bryan Adams","studia","Christmas Time",0.582,2022-12-18 20:12:53,"medium","canadian pop",32
"99","Bryan Adams","wolne","Christmas Time",0.582,2022-12-18 20:12:53,"medium","canadian pop",29
"100","Burl Ives","inne","A Holly Jolly Christmas",0.375,2022-12-27 13:05:44,"medium","adult standards",79
"101","Burl Ives","inne","Rudolph The Red-Nosed Reindeer",0.275,2022-12-18 20:26:49,"slow","adult standards",81
"102","Cage The Elephant","inne","Cold Cold Cold",0.789,2022-12-29 15:48:25,"fast","modern rock",4
"103","Cage The Elephant","studia","Black Madonna",0.728,2022-12-28 20:36:13,"fast","modern rock",231
"104","Cage The Elephant","studia","Cold Cold Cold",0.789,2022-12-29 15:48:25,"fast","modern rock",204
"105","Cage The Elephant","wolne","Black Madonna",0.728,2022-12-28 20:36:13,"fast","modern rock",1
"106","CatchUp","inne","Patrol",0.682,2022-12-18 15:37:12,"fast","polish alternative rap",6
"107","CatchUp","studia","Patrol",0.682,2022-12-18 15:37:12,"fast","polish alternative rap",144
"108","CatchUp","studia","Patrol",0.682,2022-12-29 18:17:12,"fast","polish alternative rap",188
"109","CatchUp","wolne","Patrol",0.682,2022-12-18 15:37:12,"fast","polish alternative rap",61
"110","CatchUp","wolne","Patrol",0.682,2022-12-29 18:17:12,"fast","polish alternative rap",1
"111","Catz 'n Dogz","inne","Lepiej nie myśleć",0.688,2022-12-27 19:25:01,"fast","deep disco house",154
"112","Catz 'n Dogz","studia","Lepiej nie myśleć",0.688,2022-12-27 19:25:01,"fast","deep disco house",22
"113","Chris Rea","inne","Driving Home for Christmas - 2019 Remaster",0.583,2022-12-18 21:43:58,"medium","album rock",188
"114","Chris Rea","studia","Driving Home for Christmas - 2019 Remaster",0.583,2022-12-18 21:43:58,"medium","album rock",43
"115","Chuck Berry","inne","Run Rudolph Run",0.715,2022-12-27 13:22:14,"fast","classic rock",4
"116","Chuck Berry","studia","Run Rudolph Run",0.715,2022-12-27 13:22:14,"fast","classic rock",117
"117","Da Vosk Docta","studia","Till Coffin 2",0.636,2022-12-26 23:17:06,"medium","polish alternative rap",83
"118","Da Vosk Docta","studia","Till Coffin 2",0.636,2022-12-27 18:27:06,"medium","polish alternative rap",142
"119","Da Vosk Docta","studia","Till Coffin 2",0.636,2022-12-27 19:55:06,"medium","polish alternative rap",123
"120","Da Vosk Docta","studia","Till Coffin 2",0.636,2022-12-29 17:17:06,"medium","polish alternative rap",147
"121","Da Vosk Docta","wolne","Till Coffin 2",0.636,2022-12-26 23:17:06,"medium","polish alternative rap",60
"122","Daft Punk","studia","Get Lucky (feat. Pharrell Williams & Nile Rodgers) - Radio Edit",0.811,2022-12-28 19:55:51,"fast","electro",184
"123","Daft Punk","wolne","Get Lucky (feat. Pharrell Williams & Nile Rodgers) - Radio Edit",0.811,2022-12-28 19:55:51,"fast","electro",64
"124","Daria Zawiałow","inne","Punk Fu!",0.746,2022-12-29 16:22:15,"fast","polish alternative",1
"125","Daria Zawiałow","studia","Punk Fu!",0.746,2022-12-29 16:22:15,"fast","polish alternative",132
"126","Daryl Hall & John Oates","inne","Jingle Bell Rock - Daryl's Version",0.841,2022-12-27 13:12:53,"fast","album rock",92
"127","Daryl Hall & John Oates","studia","Jingle Bell Rock - Daryl's Version",0.841,2022-12-18 20:07:53,"fast","album rock",169
"128","Daryl Hall & John Oates","studia","Jingle Bell Rock - Daryl's Version",0.841,2022-12-27 13:12:53,"fast","album rock",3
"129","Dawid Podsiadło","inne","D I A B L E",0.72,2022-12-27 15:45:20,"fast","polish pop",4
"130","Dawid Podsiadło","inne","D I A B L E",0.72,2022-12-27 16:13:20,"fast","polish pop",7
"131","Dawid Podsiadło","inne","D I A B L E",0.72,2022-12-28 10:51:20,"fast","polish pop",12
"132","Dawid Podsiadło","inne","Halo",0.521,2022-12-28 11:48:07,"medium","polish pop",3
"133","Dawid Podsiadło","inne","Nie lubię Cię",0.883,2022-12-27 12:18:05,"fast","polish pop",5
"134","Dawid Podsiadło","inne","Pastempomat",0.672,2022-12-28 20:39:57,"fast","polish pop",1
"135","Dawid Podsiadło","inne","Szarość i Róż",0.658,2022-12-27 15:36:18,"medium","polish pop",5
"136","Dawid Podsiadło","studia","awejniak",0.489,2022-12-29 11:48:03,"medium","polish pop",203
"137","Dawid Podsiadło","studia","D I A B L E",0.72,2022-12-27 15:45:20,"fast","polish pop",143
"138","Dawid Podsiadło","studia","D I A B L E",0.72,2022-12-27 16:13:20,"fast","polish pop",185
"139","Dawid Podsiadło","studia","D I A B L E",0.72,2022-12-28 10:51:20,"fast","polish pop",156
"140","Dawid Podsiadło","studia","Halo",0.521,2022-12-28 11:48:07,"medium","polish pop",195
"141","Dawid Podsiadło","studia","Nie lubię Cię",0.883,2022-12-27 12:18:05,"fast","polish pop",92
"142","Dawid Podsiadło","studia","Nie lubię Cię",0.883,2022-12-27 16:59:18,"fast","polish pop",18
"143","Dawid Podsiadło","studia","Nie lubię Cię",0.883,2022-12-28 11:07:34,"fast","polish pop",85
"144","Dawid Podsiadło","studia","O czym śnisz?",0.837,2022-12-28 12:01:34,"fast","polish pop",161
"145","Dawid Podsiadło","studia","Pastempomat",0.672,2022-12-28 20:39:57,"fast","polish pop",155
"146","Dawid Podsiadło","studia","Szarość i Róż",0.658,2022-12-27 15:36:18,"medium","polish pop",217
"147","Dawid Podsiadło","studia","Szarość i Róż",0.658,2022-12-27 16:07:18,"medium","polish pop",164
"148","Dawid Podsiadło","studia","Szarość i Róż",0.658,2022-12-28 10:36:18,"medium","polish pop",256
"149","Dawid Podsiadło","studia","TAZOSy",0.638,2022-12-29 18:28:29,"medium","polish pop",183
"150","Dawid Podsiadło","studia","WiRUS",0.575,2022-12-28 11:21:34,"medium","polish pop",25
"151","Dawid Podsiadło","wolne","Nie lubię Cię",0.883,2022-12-27 16:59:18,"fast","polish pop",21
"152","Dawid Tyszkowski","inne","Tlen",0.431,2022-12-28 11:41:47,"medium","polish alternative",4
"153","Dawid Tyszkowski","studia","Tlen",0.431,2022-12-28 11:41:47,"medium","polish alternative",145
"154","Dean Martin","inne","Let It Snow! Let It Snow! Let It Snow!",0.24,2022-12-27 13:02:02,"slow","adult standards",67
"155","Dean Martin","inne","Rudolph The Red-Nosed Reindeer",0.201,2022-12-27 13:27:44,"slow","adult standards",126
"156","Dean Martin","studia","Let It Snow! Let It Snow! Let It Snow!",0.24,2022-12-27 13:02:02,"slow","adult standards",8
"157","Dean Martin","studia","Rudolph The Red-Nosed Reindeer",0.201,2022-12-27 13:27:44,"slow","adult standards",11
"158","Deemz","studia","Tyle O Tobie Wiem",0.509,2022-12-28 10:44:15,"medium","polish hip hop",137
"159","Deluxe","studia","Pony",0.586,2022-12-22 13:54:44,"medium","french indie pop",141
"160","DJ Wielki Huj","studia","1995 - DJ Wielki Huj Remix",0.683,2022-12-28 10:08:53,"fast","klubowe",31
"161","DJ Wielki Huj","wolne","1995 - DJ Wielki Huj Remix",0.683,2022-12-28 10:08:53,"fast","klubowe",32
"162","Doja Cat","inne","Vegas (From the Original Motion Picture Soundtrack ELVIS)",0.601,2022-12-29 16:31:56,"medium","dance pop",66
"163","Doja Cat","studia","Vegas (From the Original Motion Picture Soundtrack ELVIS)",0.601,2022-12-29 16:31:56,"medium","dance pop",23
"164","Doja Cat","wolne","Vegas (From the Original Motion Picture Soundtrack ELVIS)",0.601,2022-12-29 16:31:56,"medium","dance pop",121
"165","Don Poldon","inne","Suota",0.498,2022-12-27 19:00:55,"medium","polish alternative rap",20
"166","Don Poldon","inne","Suota",0.498,2022-12-27 20:25:55,"medium","polish alternative rap",8
"167","Don Poldon","studia","Suota",0.498,2022-12-27 19:00:55,"medium","polish alternative rap",133
"168","Don Poldon","studia","Suota",0.498,2022-12-27 20:25:55,"medium","polish alternative rap",114
"169","Don Poldon","wolne","Suota",0.498,2022-12-27 20:25:55,"medium","polish alternative rap",20
"170","Drew Skinner","studia","Buckycubes Swing (Baker Cat)",0.753,2022-12-22 13:50:01,"fast","electro swing",107
"171","Dwa Sławy","inne","Wstępnie Nie",0.754,2022-12-18 15:44:57,"fast","polish hip hop",1
"172","Dwa Sławy","studia","Wstępnie Nie",0.754,2022-12-18 15:44:57,"fast","polish hip hop",123
"173","Dwa Sławy","wolne","Wstępnie Nie",0.754,2022-12-18 15:44:57,"fast","polish hip hop",101
"174","Ella Fitzgerald","inne","Sleigh Ride",0.287,2022-12-27 13:42:04,"slow","adult standards",53
"175","Ella Fitzgerald","studia","Sleigh Ride",0.287,2022-12-27 13:42:04,"slow","adult standards",59
"176","Elton John","inne","Step Into Christmas",0.925,2022-12-18 20:19:27,"fast","glam rock",61
"177","Elton John","wolne","Step Into Christmas",0.925,2022-12-18 20:19:27,"fast","glam rock",165
"178","Eminem","wolne","Superman",0.755,2022-12-18 16:28:01,"fast","detroit hip hop",125
"179","Frank Sinatra","inne","Let It Snow! Let It Snow! Let It Snow! (with The B. Swanson Quartet)",0.259,2022-12-27 13:15:24,"slow","adult standards",63
"180","Frank Sinatra","studia","Let It Snow! Let It Snow! Let It Snow! (with The B. Swanson Quartet)",0.259,2022-12-27 13:15:24,"slow","adult standards",88
"181","Gallowstreet","inne","Asterix",0.668,2022-12-18 11:21:25,"fast","street band",19
"182","Gallowstreet","inne","Asterix",0.668,2022-12-22 13:14:25,"fast","street band",75
"183","Gallowstreet","studia","Asterix",0.668,2022-12-18 11:21:25,"fast","street band",233
"184","Gallowstreet","studia","Asterix",0.668,2022-12-18 13:41:25,"fast","street band",303
"185","Gallowstreet","studia","Asterix",0.668,2022-12-22 13:14:25,"fast","street band",233
"186","Glass Animals","studia","Heat Waves",0.525,2022-12-29 17:21:01,"medium","gauze pop",238
"187","Gnarls Barkley","studia","Crazy",0.741,2022-12-28 20:08:02,"fast","atl hip hop",135
"188","GoGo Penguin","inne","Hopopono",0.423,2022-12-18 14:04:03,"medium","british jazz",4
"189","GoGo Penguin","studia","Hopopono",0.423,2022-12-18 14:04:03,"medium","british jazz",175
"190","GoGo Penguin","wolne","Hopopono",0.423,2022-12-18 14:04:03,"medium","british jazz",61
"191","Gorillaz","studia","Feel Good Inc.",0.705,2022-12-28 20:20:17,"fast","alternative hip hop",222
"192","Gotye","studia","Somebody That I Used To Know",0.495,2022-12-28 20:10:55,"medium","australian pop",221
"193","Grubson","studia","G D Z I E Ś",0.651,2022-12-21 15:40:34,"medium","polish hip hop",207
"194","Gruby Mielzky","inne","Jak Wyśnię",0.63,2022-12-18 16:09:28,"medium","polish alternative rap",1
"195","Gruby Mielzky","wolne","Jak Wyśnię",0.63,2022-12-18 16:09:28,"medium","polish alternative rap",53
"196","Gruby Mielzky","wolne","Jak Wyśnię",0.63,2022-12-18 16:13:18,"medium","polish alternative rap",213
"197","Guzior","inne","Chabo",0.697,2022-12-18 11:04:51,"fast","polish hip hop",15
"198","Guzior","inne","Chabo",0.697,2022-12-26 23:58:01,"fast","polish hip hop",7
"199","Guzior","inne","Chabo",0.697,2022-12-27 14:44:01,"fast","polish hip hop",25
"200","Guzior","inne","Chabo",0.697,2022-12-27 15:29:01,"fast","polish hip hop",109
"201","Guzior","inne","Chabo",0.697,2022-12-27 16:00:01,"fast","polish hip hop",3
"202","Guzior","studia","Chabo",0.697,2022-12-18 10:52:01,"fast","polish hip hop",37
"203","Guzior","studia","Chabo",0.697,2022-12-18 11:04:51,"fast","polish hip hop",100
"204","Guzior","studia","Chabo",0.697,2022-12-26 22:22:01,"fast","polish hip hop",219
"205","Guzior","studia","Chabo",0.697,2022-12-26 23:58:01,"fast","polish hip hop",53
"206","Guzior","studia","Chabo",0.697,2022-12-27 14:44:01,"fast","polish hip hop",115
"207","Guzior","studia","Chabo",0.697,2022-12-27 15:29:01,"fast","polish hip hop",35
"208","Guzior","studia","Chabo",0.697,2022-12-27 16:00:01,"fast","polish hip hop",152
"209","Guzior","studia","Chabo",0.697,2022-12-28 10:25:01,"fast","polish hip hop",178
"210","Guzior","studia","Chabo",0.697,2022-12-29 18:46:01,"fast","polish hip hop",146
"211","Guzior","studia","Paryż",0.593,2022-12-28 10:04:37,"medium","polish hip hop",70
"212","Guzior","wolne","Chabo",0.697,2022-12-18 10:52:01,"fast","polish hip hop",87
"213","Guzior","wolne","Chabo",0.697,2022-12-27 14:44:01,"fast","polish hip hop",16
"214","Guzior","wolne","Paryż",0.593,2022-12-28 10:04:37,"medium","polish hip hop",23
"215","Gwen Stefani","inne","You Make It Feel Like Christmas (feat. Blake Shelton)",0.87,2022-12-18 21:51:23,"fast","dance pop",156
"216","Hodak","studia","Inny Świat",0.272,2022-12-29 11:45:31,"slow","polish alternative rap",96
"217","Hodak","studia","Online",0.657,2022-12-26 23:26:19,"medium","polish alternative rap",172
"218","Hodak","wolne","Online",0.657,2022-12-26 23:26:19,"medium","polish alternative rap",1
"219","Imagine Dragons","inne","Second Chances",0.567,2022-12-18 10:58:22,"medium","modern rock",2
"220","Imagine Dragons","studia","Radioactive",0.784,2022-12-28 20:04:53,"fast","modern rock",28
"221","Imagine Dragons","studia","Second Chances",0.567,2022-12-18 10:58:22,"medium","modern rock",211
"222","Imagine Dragons","wolne","Second Chances",0.567,2022-12-18 10:58:22,"medium","modern rock",8
"223","J. Cole","wolne","She Knows (feat. Amber Coffman & Cults)",0.74,2022-12-29 18:13:57,"fast","conscious hip hop",159
"224","Jack Harlow","inne","First Class",0.582,2022-12-29 16:25:06,"medium","deep underground hip hop",41
"225","Jack Harlow","studia","First Class",0.582,2022-12-29 16:25:06,"medium","deep underground hip hop",44
"226","Jan-Rapowanie","studia","Bąbelek",0.57,2022-12-28 20:47:54,"medium","polish hip hop",207
"227","Jan-Rapowanie","studia","Co ja wiem?",0.745,2022-12-29 11:42:02,"fast","polish hip hop",177
"228","Jan-Rapowanie","studia","Wybory",0.739,2022-12-29 17:09:27,"fast","polish hip hop",250
"229","John Frusciante","inne","Murderers",0.753,2022-12-18 13:18:19,"fast","acoustic rock",7
"230","John Frusciante","inne","Murderers",0.753,2022-12-22 12:35:19,"fast","acoustic rock",147
"231","John Frusciante","inne","Ramparts",0.428,2022-12-22 13:05:49,"medium","acoustic rock",65
"232","John Frusciante","studia","Murderers",0.753,2022-12-18 13:18:19,"fast","acoustic rock",81
"233","John Frusciante","studia","Murderers",0.753,2022-12-22 13:21:19,"fast","acoustic rock",160
"234","John Frusciante","studia","Ramparts",0.428,2022-12-18 14:10:49,"medium","acoustic rock",59
"235","John Frusciante","wolne","Murderers",0.753,2022-12-18 13:18:19,"fast","acoustic rock",30
"236","John Lennon","inne","Happy Xmas (War Is Over) - Remastered 2010",0.64,2022-12-27 13:38:25,"medium","album rock",106
"237","John Lennon","studia","Happy Xmas (War Is Over) - Remastered 2010",0.64,2022-12-27 13:38:25,"medium","album rock",100
"238","José Feliciano","inne","Feliz Navidad",0.831,2022-12-27 12:42:57,"fast","latin pop",65
"239","José Feliciano","inne","Feliz Navidad",0.831,2022-12-27 12:53:57,"fast","latin pop",132
"240","José Feliciano","studia","Feliz Navidad",0.831,2022-12-27 12:42:57,"fast","latin pop",64
"241","José Feliciano","studia","Feliz Navidad",0.831,2022-12-27 12:53:57,"fast","latin pop",33
"242","José Feliciano","wolne","Feliz Navidad",0.831,2022-12-27 12:42:57,"fast","latin pop",4
"243","K.Flay","inne","Blood In The Cut",0.655,2022-12-29 15:55:51,"medium","electropop",8
"244","K.Flay","studia","Blood In The Cut",0.655,2022-12-29 15:55:51,"medium","electropop",135
"245","Kamil Holden Kryszak","inne","Wszystko",0.267,2022-12-28 20:59:27,"slow","polish alternative",13
"246","Kamil Holden Kryszak","studia","Wszystko",0.267,2022-12-28 20:59:27,"slow","polish alternative",210
"247","Kamil Holden Kryszak","wolne","Wszystko",0.267,2022-12-28 20:59:27,"slow","polish alternative",5
"248","Kaśka Sochacka","inne","Sukienka",0.472,2022-12-29 16:43:32,"medium","polish pop",26
"249","Kaśka Sochacka","studia","Sukienka",0.472,2022-12-29 16:43:32,"medium","polish pop",133
"250","Katy Perry","inne","Cozy Little Christmas",0.608,2022-12-18 20:01:57,"medium","dance pop",1
"251","Katy Perry","wolne","Cozy Little Christmas",0.608,2022-12-18 20:01:57,"medium","dance pop",45
"252","KAYTRANADA","wolne","Vex Oh (feat. Eight9FLY)",0.645,2022-12-18 16:43:17,"medium","escape room",122
"253","KęKę","studia","Gdy przyjdzie czas",0.884,2022-12-21 15:32:50,"fast","polish alternative rap",181
"254","KęKę","studia","Nigdy ponad stan",0.737,2022-12-29 16:10:57,"fast","polish alternative rap",182
"255","Kormac","inne","Big Bad Trumpet Player",0.269,2022-12-22 13:01:02,"slow","electro swing",154
"256","Kormac","studia","Big Bad Trumpet Player",0.269,2022-12-18 14:20:02,"slow","electro swing",146
"257","Kortez","studia","Boję się",0.677,2022-12-29 16:13:36,"fast","polish alternative",171
"258","Kortez","wolne","Boję się",0.677,2022-12-29 16:13:36,"fast","polish alternative",8
"259","Kosa","studia","Zabierz mnie tam",0.56,2022-12-21 14:48:04,"medium","polish alternative rap",175
"260","Kosa","studia","Zabierz mnie tam",0.56,2022-12-26 23:02:04,"medium","polish alternative rap",130
"261","Kosa","studia","Zabierz mnie tam",0.56,2022-12-28 11:59:04,"medium","polish alternative rap",186
"262","Koza","studia","3000",0.74,2022-12-29 16:08:46,"fast","polish alternative rap",134
"263","Kuba Knap","studia","Dobry Wariat",0.637,2022-12-21 16:05:57,"medium","polish alternative rap",243
"264","Kuban","inne","na okrągło",0.525,2022-12-18 10:45:51,"medium","polish alternative rap",8
"265","Kuban","inne","na okrągło",0.525,2022-12-21 15:56:51,"medium","polish alternative rap",3
"266","Kuban","studia","na okrągło",0.525,2022-12-18 10:45:51,"medium","polish alternative rap",91
"267","Kuban","studia","na okrągło",0.525,2022-12-21 15:56:51,"medium","polish alternative rap",119
"268","Kuban","wolne","na okrągło",0.525,2022-12-18 10:45:51,"medium","polish alternative rap",60
"269","Kuban","wolne","na okrągło",0.525,2022-12-21 15:56:51,"medium","polish alternative rap",56
"270","Lack Of Afro","inne","One for the Trouble",0.849,2022-12-22 13:35:55,"fast","bboy",8
"271","Lack Of Afro","studia","One for the Trouble",0.849,2022-12-18 14:15:55,"fast","bboy",244
"272","Lack Of Afro","studia","One for the Trouble",0.849,2022-12-22 13:35:55,"fast","bboy",94
"273","Lack Of Afro","wolne","One for the Trouble",0.849,2022-12-22 13:35:55,"fast","bboy",157
"274","Łajzol","studia","Łajzol Serious",0.69,2022-12-21 16:27:18,"fast","polish alternative rap",219
"275","Laurence Nerbonne","inne","All I Want For Christmas Is You",0.428,2022-12-18 21:53:55,"medium","hip hop quebecois",175
"276","Łona I Webber","studia","Ballada o Szlachetnym Czorcie",0.532,2022-12-21 14:55:43,"medium","polish alternative",164
"277","Łona I Webber","studia","Ballada o Szlachetnym Czorcie",0.532,2022-12-26 22:59:43,"medium","polish alternative",93
"278","Lordofon","inne","04:35",0.572,2022-12-27 19:15:30,"medium","polish alternative",11
"279","Lordofon","inne","Figaro",0.699,2022-12-27 18:40:55,"fast","polish alternative",49
"280","Lordofon","studia","04:35",0.572,2022-12-27 19:15:30,"medium","polish alternative",63
"281","Lordofon","studia","16mm",0.519,2022-12-27 18:50:55,"medium","polish alternative",153
"282","Lordofon","studia","16mm",0.519,2022-12-27 20:12:33,"medium","polish alternative",26
"283","Lordofon","studia","Figaro",0.699,2022-12-27 18:40:55,"fast","polish alternative",47
"284","Louis Villain","studia","1:01",0.556,2022-12-21 16:33:59,"medium","polish alternative rap",64
"285","Louis Villain","studia","Amerykański sen",0.452,2022-12-21 15:51:16,"medium","polish alternative rap",153
"286","Louis Villain","studia","Bellucci",0.629,2022-12-21 16:10:45,"medium","polish alternative rap",194
"287","Louis Villain","studia","Fred Perry",0.723,2022-12-21 15:25:15,"fast","polish alternative rap",146
"288","Louis Villain","studia","Miasto tonie",0.467,2022-12-21 15:06:10,"medium","polish alternative rap",169
"289","Lucky Chops","inne","Behroozi",0.81,2022-12-18 11:17:30,"fast","brass band",2
"290","Lucky Chops","inne","Behroozi",0.81,2022-12-22 13:24:30,"fast","brass band",189
"291","Lucky Chops","inne","Buyo",0.53,2022-12-22 12:38:24,"medium","brass band",255
"292","Lucky Chops","inne","Danza 2016",0.866,2022-12-18 11:25:59,"fast","brass band",13
"293","Lucky Chops","inne","Danza 2016",0.866,2022-12-22 13:41:59,"fast","brass band",29
"294","Lucky Chops","studia","Behroozi",0.81,2022-12-18 11:17:30,"fast","brass band",220
"295","Lucky Chops","studia","Behroozi",0.81,2022-12-18 13:35:30,"fast","brass band",183
"296","Lucky Chops","studia","Buyo",0.53,2022-12-18 11:06:24,"medium","brass band",255
"297","Lucky Chops","studia","Buyo",0.53,2022-12-18 13:21:24,"medium","brass band",272
"298","Lucky Chops","studia","Coco - Live",0.758,2022-12-18 11:14:22,"fast","brass band",218
"299","Lucky Chops","studia","Coco - Live",0.758,2022-12-18 13:51:22,"fast","brass band",171
"300","Lucky Chops","studia","Coco - Live",0.758,2022-12-22 13:10:22,"fast","brass band",182
"301","Lucky Chops","studia","Danza 2016",0.866,2022-12-18 11:25:59,"fast","brass band",272
"302","Lucky Chops","studia","Danza 2016",0.866,2022-12-22 13:41:59,"fast","brass band",162
"303","Lucky Chops","studia","Funkytown / I Feel Good",0.743,2022-12-22 13:58:03,"fast","brass band",189
"304","Lucky Chops","wolne","Buyo",0.53,2022-12-18 11:06:24,"medium","brass band",1
"305","Lucky Chops","wolne","Coco - Live",0.758,2022-12-18 13:51:22,"fast","brass band",30
"306","Lucky Chops","wolne","Danza 2016",0.866,2022-12-22 13:41:59,"fast","brass band",77
"307","Lucky Chops","wolne","Funkytown / I Feel Good",0.743,2022-12-22 13:58:03,"fast","brass band",135
"308","LUNA","studia","Marznę",0.447,2022-12-29 16:08:49,"medium","polish alternative",10
"309","Lyre Le Temps","inne","Brokopoly",0.736,2022-12-22 13:03:41,"fast","electro swing",147
"310","Lyre Le Temps","studia","Brokopoly",0.736,2022-12-18 15:35:08,"fast","electro swing",82
"311","Lyre Le Temps","studia","Done for Tomorrow",0.687,2022-12-18 13:33:05,"fast","electro swing",179
"312","Lyre Le Temps","studia","Prohibition Swing",0.79,2022-12-18 13:48:50,"fast","electro swing",88
"313","Lyre Le Temps","studia","Sad Swing",0.658,2022-12-18 13:55:48,"medium","electro swing",247
"314","Lyre Le Temps","wolne","Prohibition Swing",0.79,2022-12-18 13:48:50,"fast","electro swing",86
"315","M0LLY","studia","Gadka prosta",0.636,2022-12-21 15:21:35,"medium","polish alternative rap",162
"316","Mac Miller","wolne","The Spins",0.766,2022-12-18 20:04:03,"fast","hip hop",39
"317","Magda Kluz","studia","Zimno",0.312,2022-12-27 15:39:40,"slow","polish alternative",90
"318","Magda Kluz","studia","Zimno",0.312,2022-12-28 10:34:40,"slow","polish alternative",127
"319","Małpa","inne","Miałem to rzucić",0.68,2022-12-26 22:43:26,"fast","polish alternative rap",36
"320","Małpa","inne","Miałem to rzucić",0.68,2022-12-27 15:01:26,"fast","polish alternative rap",15
"321","Małpa","studia","Miałem to rzucić",0.68,2022-12-26 22:43:26,"fast","polish alternative rap",39
"322","Małpa","studia","Miałem to rzucić",0.68,2022-12-27 15:01:26,"fast","polish alternative rap",91
"323","Małpa","studia","Najlepsze przed nami",0.635,2022-12-21 15:19:39,"medium","polish alternative rap",166
"324","Małpa","studia","Skała",0.822,2022-12-21 15:05:28,"fast","polish alternative rap",1
"325","Małpa","studia","Tatuaże",0.574,2022-12-29 11:57:36,"medium","polish alternative rap",195
"326","Małpa","wolne","Miałem to rzucić",0.68,2022-12-26 22:43:26,"fast","polish alternative rap",76
"327","Mammal Hands","inne","Kandaiki",0.423,2022-12-22 12:44:44,"medium","contemporary jazz",315
"328","Mammal Hands","studia","Kandaiki",0.423,2022-12-18 13:58:44,"medium","contemporary jazz",285
"329","Manu Chao","studia","Me Gustas Tu",0.741,2022-12-28 20:01:00,"fast","latin alternative",249
"330","Manu Chao","wolne","Me Gustas Tu",0.741,2022-12-28 20:01:00,"fast","latin alternative",18
"331","Mariah Carey","inne","All I Want for Christmas Is You",0.627,2022-12-27 13:32:58,"medium","dance pop",195
"332","Maroon 5","studia","Moves Like Jagger - Studio Recording From ""The Voice"" Performance",0.758,2022-12-28 20:31:09,"fast","pop",1
"333","Maroon 5","wolne","Moves Like Jagger - Studio Recording From ""The Voice"" Performance",0.758,2022-12-28 20:31:09,"fast","pop",43
"334","Mata","studia","</3",0.558,2022-12-29 18:26:48,"medium","polish hip hop",131
"335","Męskie Granie Orkiestra 2021","studia","I Ciebie też, bardzo (feat. Daria Zawiałow, Dawid Podsiadło & Vito Bambino)",0.743,2022-12-28 11:28:30,"fast","polish alternative",213
"336","Michael Bublé","inne","Holly Jolly Christmas",0.465,2022-12-27 13:03:58,"medium","adult standards",97
"337","Michael Bublé","inne","Let It Snow! - 10th Anniversary",0.531,2022-12-27 13:30:20,"medium","adult standards",126
"338","Michael Bublé","studia","Holly Jolly Christmas",0.465,2022-12-27 13:03:58,"medium","adult standards",43
"339","Michael Bublé","studia","Let It Snow! - 10th Anniversary",0.531,2022-12-27 13:30:20,"medium","adult standards",27
"340","Milky Chance","studia","Stolen Dance",0.581,2022-12-28 20:14:46,"medium","german pop",264
"341","Miły ATZ","inne",":-)",0.801,2022-12-21 14:58:30,"fast","polish alternative rap",12
"342","Miły ATZ","studia",":-)",0.801,2022-12-21 14:58:30,"fast","polish alternative rap",167
"343","Miły ATZ","studia",":-)",0.801,2022-12-28 20:55:30,"fast","polish alternative rap",216
"344","Miły ATZ","studia",":-)",0.801,2022-12-29 16:04:30,"fast","polish alternative rap",213
"345","Miły ATZ","studia","7 Razy",0.609,2022-12-21 16:17:26,"medium","polish alternative rap",213
"346","Miły ATZ","studia","Lek",0.589,2022-12-21 15:16:26,"medium","polish alternative rap",150
"347","Miły ATZ","studia","Nowa Norma",0.721,2022-12-21 15:35:16,"fast","polish alternative rap",133
"348","Miły ATZ","studia","Płucko",0.569,2022-12-21 15:53:56,"medium","polish alternative rap",148
"349","Miły ATZ","studia","Z Pierwszej Ręki",0.606,2022-12-21 14:41:43,"medium","polish alternative rap",196
"350","Miły ATZ","wolne",":-)",0.801,2022-12-28 20:55:30,"fast","polish alternative rap",3
"351","Miły ATZ","wolne",":-)",0.801,2022-12-29 16:04:30,"fast","polish alternative rap",2
"352","MŁODY DZBAN","studia","Ollie - beskitu edit",0.519,2022-12-27 19:18:14,"medium","polish alternative rap",56
"353","Młody Yerba","studia","Hades",0.504,2022-12-28 10:01:12,"medium","polish trap",136
"354","Młody Yerba","wolne","Hades",0.504,2022-12-28 10:01:12,"medium","polish trap",1
"355","Mlodyskiny","inne","0 0",0.695,2022-12-27 20:15:33,"fast","polish trap",9
"356","Mlodyskiny","inne","CO U CIEBIE SŁYCHAĆ?",0.406,2022-12-27 18:49:00,"medium","polish trap",2
"357","Mlodyskiny","inne","Crystal Tears",0.783,2022-12-27 18:37:56,"fast","polish trap",21
"358","Mlodyskiny","inne","MARTWE SPODNIE PRADA",0.577,2022-12-27 19:10:44,"medium","polish trap",13
"359","Mlodyskiny","inne","Równi I Równiejsi",0.882,2022-12-27 19:19:56,"fast","polish trap",3
"360","Mlodyskiny","inne","Zęby",0.449,2022-12-27 18:55:55,"medium","polish trap",124
"361","Mlodyskiny","studia","0 0",0.695,2022-12-27 20:15:33,"fast","polish trap",185
"362","Mlodyskiny","studia","CO U CIEBIE SŁYCHAĆ?",0.406,2022-12-27 18:49:00,"medium","polish trap",65
"363","Mlodyskiny","studia","Crystal Tears",0.783,2022-12-27 18:37:56,"fast","polish trap",71
"364","Mlodyskiny","studia","Crystal Tears",0.783,2022-12-27 20:07:56,"fast","polish trap",123
"365","Mlodyskiny","studia","MARTWE SPODNIE PRADA",0.577,2022-12-27 19:10:44,"medium","polish trap",59
"366","Mlodyskiny","studia","Równi I Równiejsi",0.882,2022-12-27 19:19:56,"fast","polish trap",131
"367","Mlodyskiny","studia","Towar",0.804,2022-12-26 22:57:04,"fast","polish trap",10
"368","Mlodyskiny","studia","Towar",0.804,2022-12-26 23:20:04,"fast","polish trap",25
"369","Mlodyskiny","studia","Towar",0.804,2022-12-26 23:22:04,"fast","polish trap",106
"370","Mlodyskiny","studia","Towar",0.804,2022-12-27 17:00:04,"fast","polish trap",10
"371","Mlodyskiny","studia","Towar",0.804,2022-12-27 17:02:04,"fast","polish trap",24
"372","Mlodyskiny","studia","Towar",0.804,2022-12-27 19:33:04,"fast","polish trap",76
"373","Mlodyskiny","studia","Towar",0.804,2022-12-28 10:07:04,"fast","polish trap",92
"374","Mlodyskiny","studia","Towar",0.804,2022-12-29 17:15:04,"fast","polish trap",115
"375","Mlodyskiny","studia","Zęby",0.449,2022-12-28 10:09:55,"medium","polish trap",120
"376","Mlodyskiny","studia","Zioło i Perfumy",0.636,2022-12-27 18:23:55,"medium","polish trap",125
"377","Mlodyskiny","studia","Zioło i Perfumy",0.636,2022-12-27 19:51:55,"medium","polish trap",120
"378","Mlodyskiny","wolne","CO U CIEBIE SŁYCHAĆ?",0.406,2022-12-27 18:49:00,"medium","polish trap",2
"379","Mlodyskiny","wolne","Towar",0.804,2022-12-26 22:57:04,"fast","polish trap",89
"380","Mlodyskiny","wolne","Towar",0.804,2022-12-26 23:20:04,"fast","polish trap",70
"381","Mlodyskiny","wolne","Towar",0.804,2022-12-27 17:00:04,"fast","polish trap",87
"382","Mlodyskiny","wolne","Towar",0.804,2022-12-27 17:02:04,"fast","polish trap",56
"383","Mlodyskiny","wolne","Towar",0.804,2022-12-27 19:33:04,"fast","polish trap",1
"384","Mlodyskiny","wolne","Zioło i Perfumy",0.636,2022-12-27 19:51:55,"medium","polish trap",14
"385","Nat King Cole","inne","Deck The Halls",0.437,2022-12-27 13:36:51,"medium","adult standards",26
"386","Nat King Cole","inne","The Christmas Song (Merry Christmas To You)",0.21,2022-12-27 13:24:47,"slow","adult standards",51
"387","Nat King Cole","studia","Deck The Halls",0.437,2022-12-27 13:36:51,"medium","adult standards",38
"388","Nat King Cole","studia","The Christmas Song (Merry Christmas To You)",0.21,2022-12-27 13:24:47,"slow","adult standards",90
"389","Nat King Cole","wolne","The Christmas Song (Merry Christmas To You)",0.21,2022-12-27 13:24:47,"slow","adult standards",5
"390","Oki","inne","ADHD",0.672,2022-12-29 15:44:24,"fast","polish hip hop",61
"391","Oki","studia","ADHD",0.672,2022-12-29 15:44:24,"fast","polish hip hop",116
"392","Oki","studia","Jakie To Uczucie?",0.633,2022-12-29 17:24:17,"medium","polish hip hop",147
"393","Oki","wolne","SIRI",0.708,2022-12-18 16:33:55,"fast","polish hip hop",213
"394","Oliver Gigon","studia","Trufle",0.601,2022-12-28 11:44:49,"medium","polish pop",155
"395","OneRepublic","studia","Counting Stars",0.705,2022-12-28 20:27:42,"fast","piano rock",208
"396","OneRepublic","wolne","Counting Stars",0.705,2022-12-28 20:27:42,"fast","piano rock",52
"397","Onra","inne","Ms. Ho",0.542,2022-12-22 13:28:03,"medium","chillhop",116
"398","Onra","studia","Ms. Ho",0.542,2022-12-18 13:39:03,"medium","chillhop",116
"399","Otsochodzi","inne","KFC",0.84,2022-12-18 10:49:31,"fast","polish hip hop",39
"400","Otsochodzi","inne","KFC",0.84,2022-12-27 14:41:31,"fast","polish hip hop",1
"401","Otsochodzi","inne","KFC",0.84,2022-12-28 19:50:31,"fast","polish hip hop",17
"402","Otsochodzi","inne","Tarcho Terror",0.775,2022-12-27 14:56:32,"fast","polish hip hop",59
"403","Otsochodzi","inne","Waka Flocka",0.62,2022-12-27 18:57:42,"medium","polish hip hop",67
"404","Otsochodzi","inne","Yessirski",0.623,2022-12-29 15:47:58,"medium","polish hip hop",1
"405","Otsochodzi","studia","KFC",0.84,2022-12-18 10:49:31,"fast","polish hip hop",9
"406","Otsochodzi","studia","KFC",0.84,2022-12-19 22:30:31,"fast","polish hip hop",165
"407","Otsochodzi","studia","KFC",0.84,2022-12-27 14:41:31,"fast","polish hip hop",63
"408","Otsochodzi","studia","KFC",0.84,2022-12-28 19:50:31,"fast","polish hip hop",105
"409","Otsochodzi","studia","KFC",0.84,2022-12-29 18:40:31,"fast","polish hip hop",178
"410","Otsochodzi","studia","Taka Praca",0.641,2022-12-21 15:09:20,"medium","polish hip hop",99
"411","Otsochodzi","studia","Tarcho Terror",0.775,2022-12-27 14:56:32,"fast","polish hip hop",30
"412","Otsochodzi","studia","Waka Flocka",0.62,2022-12-27 18:57:42,"medium","polish hip hop",73
"413","Otsochodzi","studia","Waka Flocka",0.62,2022-12-27 20:18:42,"medium","polish hip hop",197
"414","Otsochodzi","wolne","KFC",0.84,2022-12-18 10:49:31,"fast","polish hip hop",108
"415","Otsochodzi","wolne","KFC",0.84,2022-12-27 14:41:31,"fast","polish hip hop",56
"416","Otsochodzi","wolne","SMS",0.78,2022-12-27 17:08:24,"fast","polish hip hop",108
"417","Otsochodzi","wolne","Tarcho Terror",0.775,2022-12-18 16:26:51,"fast","polish hip hop",21
"418","Otsochodzi","wolne","Tarcho Terror",0.775,2022-12-27 14:56:32,"fast","polish hip hop",1
"419","Paktofonika","studia","C.D. Kinematografii",0.901,2022-12-26 23:34:45,"fast","polish hip hop",113
"420","Paktofonika","studia","Gdyby...",0.517,2022-12-26 22:53:12,"medium","polish hip hop",47
"421","Paktofonika","studia","Nowiny",0.707,2022-12-26 22:29:15,"fast","polish hip hop",130
"422","Paktofonika","wolne","C.D. Kinematografii",0.901,2022-12-26 23:34:45,"fast","polish hip hop",111
"423","Paktofonika","wolne","Chwile Ulotne",0.695,2022-12-18 16:29:31,"fast","polish hip hop",275
"424","Paluch","inne","Niedopasowany",0.624,2022-12-28 10:56:30,"medium","polish hip hop",2
"425","Paluch","studia","Niedopasowany",0.624,2022-12-28 10:56:30,"medium","polish hip hop",160
"426","Paluch","studia","Niedopasowany",0.624,2022-12-29 11:54:30,"medium","polish hip hop",179
"427","Parov Stelar","studia","Booty Swing",0.669,2022-12-18 13:26:42,"fast","balkan beats",242
"428","Pezet","inne","Tyrmand i Hłasko",0.643,2022-12-28 11:36:55,"medium","polish hip hop",6
"429","Pezet","inne","Ukryty w Mieście Krzyk",0.665,2022-12-18 16:22:38,"medium","polish hip hop",24
"430","Pezet","studia","Tyrmand i Hłasko",0.643,2022-12-28 11:36:55,"medium","polish hip hop",229
"431","Pezet","wolne","Ukryty w Mieście Krzyk",0.665,2022-12-18 16:22:38,"medium","polish hip hop",186
"432","PRO8L3M","inne","Ritz Carlton - Remix",0.787,2022-12-27 15:42:08,"fast","polish alternative rap",40
"433","PRO8L3M","inne","Ritz Carlton - Remix",0.787,2022-12-27 16:11:08,"fast","polish alternative rap",91
"434","PRO8L3M","studia","Freon",0.719,2022-12-29 12:02:08,"fast","polish alternative rap",205
"435","PRO8L3M","studia","Ritz Carlton - Remix",0.787,2022-12-27 15:42:08,"fast","polish alternative rap",101
"436","PRO8L3M","studia","Ritz Carlton - Remix",0.787,2022-12-27 16:11:08,"fast","polish alternative rap",49
"437","PRO8L3M","studia","Ritz Carlton - Remix",0.787,2022-12-28 10:31:08,"fast","polish alternative rap",138
"438","PRO8L3M","studia","Ritz Carlton - Remix",0.787,2022-12-28 19:32:08,"fast","polish alternative rap",126
"439","PRO8L3M","studia","The End Fin Esc Abort",0.739,2022-12-28 10:12:04,"fast","polish alternative rap",55
"440","PRO8L3M","wolne","Ritz Carlton - Remix",0.787,2022-12-27 16:11:08,"fast","polish alternative rap",1
"441","PRO8L3M","wolne","Ritz Carlton - Remix",0.787,2022-12-28 10:31:08,"fast","polish alternative rap",3
"442","Quebonafide","inne","TOKYO2020",0.518,2022-12-18 16:02:46,"medium","polish hip hop",18
"443","Quebonafide","studia","GAZPROM",0.815,2022-12-18 15:49:45,"fast","polish hip hop",119
"444","Quebonafide","studia","Half Dead",0.891,2022-12-29 16:17:21,"fast","polish hip hop",270
"445","Quebonafide","studia","RUMPELSTILSKIN",0.568,2022-12-27 15:48:31,"medium","polish hip hop",175
"446","Quebonafide","studia","RUMPELSTILSKIN",0.568,2022-12-27 16:17:31,"medium","polish hip hop",165
"447","Quebonafide","studia","RUMPELSTILSKIN",0.568,2022-12-28 10:40:31,"medium","polish hip hop",208
"448","Quebonafide","studia","RUMPELSTILSKIN",0.568,2022-12-28 19:41:12,"medium","polish hip hop",84
"449","Quebonafide","studia","TOKYO2020",0.518,2022-12-18 16:02:46,"medium","polish hip hop",176
"450","Quebonafide","wolne","GAZPROM",0.815,2022-12-18 15:49:45,"fast","polish hip hop",62
"451","Quebonafide","wolne","TOKYO2020",0.518,2022-12-18 16:02:46,"medium","polish hip hop",17
"452","Ratatat","inne","Cream On Chrome",0.692,2022-12-22 14:09:04,"fast","alternative dance",51
"453","Ratatat","studia","Cream On Chrome",0.692,2022-12-22 14:09:04,"fast","alternative dance",174
"454","Rau Performance","studia","Jak Makłowicz",0.482,2022-12-18 15:52:08,"medium","polish alternative",231
"455","Red Hot Chili Peppers","inne","Pretty Little Ditty - Remastered",0.657,2022-12-22 14:12:52,"medium","alternative rock",1
"456","Red Hot Chili Peppers","studia","Dark Necessities",0.742,2022-12-29 15:58:58,"fast","alternative rock",295
"457","Red Hot Chili Peppers","studia","Pretty Little Ditty - Remastered",0.657,2022-12-22 14:12:52,"medium","alternative rock",202
"458","REI AMI","studia","DICTATOR",0.633,2022-12-29 15:43:51,"medium","alt z",8
"459","Roy Hargrove","inne","Bring It On Home To Me",0.744,2022-12-22 13:51:59,"fast","bebop",4
"460","Roy Hargrove","studia","Bring It On Home To Me",0.744,2022-12-18 14:07:59,"fast","bebop",141
"461","Roy Hargrove","studia","Bring It On Home To Me",0.744,2022-12-22 13:51:59,"fast","bebop",180
"462","Roy Hargrove","wolne","Bring It On Home To Me",0.744,2022-12-18 14:07:59,"fast","bebop",18
"463","Rozen","studia","Nie wyjadę",0.323,2022-12-28 11:04:20,"slow","polish alternative",219
"464","sanah","inne","ostatnia nadzieja",0.721,2022-12-28 11:00:14,"fast","polish pop",26
"465","sanah","studia","Bez słów",0.23,2022-12-28 20:50:52,"slow","polish pop",115
"466","sanah","studia","Bez słów",0.23,2022-12-29 17:14:20,"slow","polish pop",39
"467","sanah","studia","oscar",0.682,2022-12-28 11:25:41,"fast","polish pop",210
"468","sanah","studia","ostatnia nadzieja",0.721,2022-12-28 11:00:14,"fast","polish pop",141
"469","Sara James","inne","Lovely Christmas",0.886,2022-12-18 20:10:11,"fast","junior eurovision",10
"470","Sara James","studia","Lovely Christmas",0.886,2022-12-18 20:10:11,"fast","junior eurovision",125
"471","schafter","inne","akt zgonu in blanco",0.585,2022-12-27 18:31:47,"medium","polish hip hop",183
"472","schafter","inne","martin shkreli freestyle",0.6,2022-12-18 10:55:19,"medium","polish hip hop",40
"473","schafter","inne","martin shkreli freestyle",0.6,2022-12-19 22:33:19,"medium","polish hip hop",21
"474","schafter","inne","pager",0.705,2022-12-26 23:10:52,"fast","polish hip hop",1
"475","schafter","studia","akt zgonu in blanco",0.585,2022-12-26 23:23:33,"medium","polish hip hop",17
"476","schafter","studia","akt zgonu in blanco",0.585,2022-12-27 18:31:47,"medium","polish hip hop",1
"477","schafter","studia","akt zgonu in blanco",0.585,2022-12-27 19:59:47,"medium","polish hip hop",179
"478","schafter","studia","aperitif",0.584,2022-12-27 18:44:45,"medium","polish hip hop",92
"479","schafter","studia","aperitif",0.584,2022-12-27 20:06:45,"medium","polish hip hop",74
"480","schafter","studia","eskeemos",0.558,2022-12-29 18:20:44,"medium","polish hip hop",156
"481","schafter","studia","martin shkreli freestyle",0.6,2022-12-18 10:55:19,"medium","polish hip hop",81
"482","schafter","studia","martin shkreli freestyle",0.6,2022-12-19 22:33:19,"medium","polish hip hop",102
"483","schafter","studia","martin shkreli freestyle",0.6,2022-12-26 22:19:19,"medium","polish hip hop",131
"484","schafter","studia","martin shkreli freestyle",0.6,2022-12-27 17:04:19,"medium","polish hip hop",137
"485","schafter","studia","martin shkreli freestyle",0.6,2022-12-27 19:35:19,"medium","polish hip hop",107
"486","schafter","studia","martin shkreli freestyle",0.6,2022-12-28 19:52:19,"medium","polish hip hop",106
"487","schafter","studia","martin shkreli freestyle",0.6,2022-12-29 18:43:19,"medium","polish hip hop",141
"488","schafter","studia","pager",0.705,2022-12-26 23:10:52,"fast","polish hip hop",90
"489","schafter","studia","pager",0.705,2022-12-27 18:21:52,"fast","polish hip hop",115
"490","schafter","studia","pager",0.705,2022-12-27 19:49:52,"fast","polish hip hop",114
"491","schafter","wolne","akt zgonu in blanco",0.585,2022-12-27 18:31:47,"medium","polish hip hop",2
"492","schafter","wolne","martin shkreli freestyle",0.6,2022-12-18 10:55:19,"medium","polish hip hop",19
"493","schafter","wolne","martin shkreli freestyle",0.6,2022-12-18 16:37:19,"medium","polish hip hop",142
"494","schafter","wolne","martin shkreli freestyle",0.6,2022-12-28 19:52:19,"medium","polish hip hop",57
"495","schafter","wolne","pager",0.705,2022-12-27 18:21:52,"fast","polish hip hop",1
"496","Seven Phoenix","studia","PÓŹNE POPOŁUDNIE",0.457,2022-12-28 11:55:34,"medium","polish alternative",179
"497","Shakin' Stevens","inne","Merry Christmas Everyone",0.904,2022-12-27 12:46:19,"fast","europop",61
"498","Shakin' Stevens","studia","Merry Christmas Everyone",0.904,2022-12-27 12:46:19,"fast","europop",80
"499","Skrubol","inne","Fakap",0.731,2022-12-26 23:13:01,"fast","polish alternative rap",2
"500","Skrubol","studia","Fakap",0.731,2022-12-26 23:13:01,"fast","polish alternative rap",226
"501","Sokół","studia","Jednorożec",0.517,2022-12-21 15:46:11,"medium","polish hip hop",337
"502","Sons Of Kemet","inne","To Never Forget The Source",0.378,2022-12-22 13:07:04,"medium","afrofuturism",199
"503","Sons Of Kemet","studia","To Never Forget The Source",0.378,2022-12-18 11:11:04,"medium","afrofuturism",175
"504","Sons Of Kemet","studia","To Never Forget The Source",0.378,2022-12-18 13:30:04,"medium","afrofuturism",138
"505","Sons Of Kemet","studia","To Never Forget The Source",0.378,2022-12-22 08:45:18,"medium","afrofuturism",41
"506","Souleance","studia","La Californie",0.756,2022-12-22 14:16:36,"fast","abstract beats",23
"507","Stach Bukowski","studia","Chłodno",0.48,2022-12-28 10:49:22,"medium","polish alternative",157
"508","Stevie Wonder","inne","Someday At Christmas",0.44,2022-12-18 20:24:11,"medium","adult standards",168
"509","Stevie Wonder","inne","What Christmas Means To Me",0.699,2022-12-27 13:10:31,"fast","adult standards",59
"510","Stevie Wonder","studia","What Christmas Means To Me",0.699,2022-12-27 13:10:31,"fast","adult standards",64
"511","Sweeper","studia","A Child's Birthday Waltz",0.279,2022-12-27 16:21:24,"slow","polish alternative",165
"512","Sweeper","studia","A Child's Birthday Waltz",0.279,2022-12-29 12:09:24,"slow","polish alternative",140
"513","Sweeper","wolne","A Child's Birthday Waltz",0.279,2022-12-29 12:09:24,"slow","polish alternative",23
"514","Syndrom Paryski","studia","Zwiedzanie",0.641,2022-12-28 19:39:05,"medium","polish alternative",186
"515","Szczyl","inne","Banda",0.519,2022-12-29 16:56:16,"medium","polish alternative",97
"516","Szczyl","inne","Gdybym",0.299,2022-12-27 18:46:26,"slow","polish alternative",60
"517","Szczyl","inne","Wielkie Miasta",0.626,2022-12-27 19:28:00,"medium","polish alternative",19
"518","Szczyl","studia","Banda",0.519,2022-12-29 16:56:16,"medium","polish alternative",132
"519","Szczyl","studia","Cień",0.703,2022-12-26 23:41:14,"fast","polish alternative",226
"520","Szczyl","studia","Gdybym",0.299,2022-12-26 23:32:26,"slow","polish alternative",170
"521","Szczyl","studia","Gdybym",0.299,2022-12-27 18:46:26,"slow","polish alternative",52
"522","Szczyl","studia","Gdybym",0.299,2022-12-27 20:10:26,"slow","polish alternative",150
"523","Szczyl","studia","Wielkie Miasta",0.626,2022-12-27 19:28:00,"medium","polish alternative",112
"524","Szczyl","wolne","Cień",0.703,2022-12-26 23:41:14,"fast","polish alternative",39
"525","Taco Hemingway","inne","Deszcz Na Betonie",0.588,2022-12-28 20:43:51,"medium","polish hip hop",1
"526","Taco Hemingway","inne","Nie Mam Czasu",0.628,2022-12-18 15:59:37,"medium","polish hip hop",2
"527","Taco Hemingway","studia","Deszcz Na Betonie",0.588,2022-12-28 20:43:51,"medium","polish hip hop",162
"528","Taco Hemingway","studia","Influenza",0.678,2022-12-18 15:40:31,"fast","polish hip hop",187
"529","Taco Hemingway","studia","Nie Mam Czasu",0.628,2022-12-18 15:59:37,"medium","polish hip hop",183
"530","Taco Hemingway","studia","SANATORIUM",0.667,2022-12-29 11:36:59,"fast","polish hip hop",165
"531","Taco Hemingway","wolne","Deszcz Na Betonie",0.588,2022-12-28 20:43:51,"medium","polish hip hop",16
"532","Taco Hemingway","wolne","Influenza",0.678,2022-12-18 15:40:31,"fast","polish hip hop",84
"533","Taco Hemingway","wolne","Nie Mam Czasu",0.628,2022-12-18 15:59:37,"medium","polish hip hop",11
"534","TACONAFIDE","wolne","TLC",0.542,2022-12-18 16:16:41,"medium","polish hip hop",179
"535","TEKTONIKA","inne","Karma",0.849,2022-12-27 19:04:20,"fast","polish alternative rap",112
"536","TEKTONIKA","studia","Karma",0.849,2022-12-26 23:44:53,"fast","polish alternative rap",6
"537","TEKTONIKA","studia","Karma",0.849,2022-12-27 19:04:20,"fast","polish alternative rap",51
"538","TEKTONIKA","studia","Karma",0.849,2022-12-27 20:22:20,"fast","polish alternative rap",221
"539","The Cassino","inne","Coming Down",0.462,2022-12-27 15:51:50,"medium","polish indie",27
"540","The Cassino","studia","Coming Down",0.462,2022-12-27 16:20:27,"medium","polish indie",17
"541","The Cassino","studia","Coming Down",0.462,2022-12-28 11:10:00,"medium","polish indie",151
"542","The Cassino","studia","Coming Down",0.462,2022-12-28 19:35:03,"medium","polish indie",246
"543","The Cassino","studia","Twój Głos",0.831,2022-12-29 12:05:54,"fast","polish indie",142
"544","The Dumplings","inne","Kocham być z tobą",0.688,2022-12-29 17:05:47,"fast","polish alternative",6
"545","The Dumplings","studia","Kocham być z tobą",0.688,2022-12-29 17:05:47,"fast","polish alternative",199
"546","The Fearless Flyers","studia","Nate Smith Is the Ace of Aces",0.823,2022-12-22 13:47:42,"fast","instrumental funk",120
"547","The Fearless Flyers","studia","Signed Sealed Delivered",0.942,2022-12-22 14:04:37,"fast","instrumental funk",72
"548","The Last Shadow Puppets","studia","Sweet Dreams, TN",0.566,2022-12-29 15:41:17,"medium","baroque pop",23
"549","The Laszlo Project","inne","Mr Sunshine",0.635,2022-12-18 13:15:35,"medium","jazz",83
"550","The Laszlo Project","inne","Mr Sunshine",0.635,2022-12-22 12:31:31,"medium","jazz",149
"551","The Laszlo Project","studia","Mr Sunshine",0.635,2022-12-18 13:15:35,"medium","jazz",2
"552","The Laszlo Project","studia","Mr Sunshine",0.635,2022-12-22 12:31:31,"medium","jazz",22
"553","The Laszlo Project","wolne","Mr Sunshine",0.635,2022-12-18 13:15:35,"medium","jazz",24
"554","the small town kids","inne","Wiatr",0.518,2022-12-28 20:54:00,"medium","polish alternative",3
"555","the small town kids","studia","Pamiętnik",0.408,2022-12-29 17:16:54,"medium","polish alternative",5
"556","the small town kids","studia","Wiatr",0.518,2022-12-28 20:54:00,"medium","polish alternative",107
"557","the small town kids","studia","Wiatr",0.518,2022-12-29 16:03:52,"medium","polish alternative",40
"558","The Strokes","inne","Call It Fate, Call It Karma",0.241,2022-12-27 12:35:35,"slow","alternative rock",9
"559","The Strokes","inne","The Adults Are Talking",0.749,2022-12-27 12:19:50,"fast","alternative rock",27
"560","The Strokes","studia","Call It Fate, Call It Karma",0.241,2022-12-27 12:35:35,"slow","alternative rock",154
"561","The Strokes","studia","Call It Fate, Call It Karma",0.241,2022-12-27 12:41:20,"slow","alternative rock",71
"562","The Strokes","studia","Last Nite",0.899,2022-12-27 12:28:46,"fast","alternative rock",130
"563","The Strokes","studia","Reptilia",0.649,2022-12-27 12:25:20,"medium","alternative rock",171
"564","The Strokes","studia","Someday",0.521,2022-12-27 12:39:07,"medium","alternative rock",154
"565","The Strokes","studia","The Adults Are Talking",0.749,2022-12-27 12:19:50,"fast","alternative rock",182
"566","The Strokes","studia","You Only Live Once",0.908,2022-12-27 12:31:50,"fast","alternative rock",144
"567","The Strokes","wolne","Call It Fate, Call It Karma",0.241,2022-12-27 12:41:20,"slow","alternative rock",2
"568","The Strokes","wolne","Someday",0.521,2022-12-27 12:39:07,"medium","alternative rock",3
"569","The Strokes","wolne","The Adults Are Talking",0.749,2022-12-27 12:19:50,"fast","alternative rock",20
"570","Tom Petty and the Heartbreakers","inne","Christmas All Over Again",0.831,2022-12-18 20:41:45,"fast","album rock",2
"571","Tom Petty and the Heartbreakers","studia","Christmas All Over Again",0.831,2022-12-18 20:41:45,"fast","album rock",44
"572","Tony Bennett","inne","Winter Wonderland",0.453,2022-12-18 21:48:30,"medium","adult standards",149
"573","Train","studia","Shake Up Christmas",0.831,2022-12-18 20:34:07,"fast","dance pop",120
"574","Train","wolne","Shake Up Christmas",0.831,2022-12-18 20:34:07,"fast","dance pop",25
"575","TUZZA Globale","inne","FULL METAL JACKET",0.553,2022-12-27 14:51:00,"medium","polish alternative rap",34
"576","TUZZA Globale","inne","FULL METAL JACKET",0.553,2022-12-29 16:35:00,"medium","polish alternative rap",179
"577","TUZZA Globale","studia","FULL METAL JACKET",0.553,2022-12-18 15:56:00,"medium","polish alternative rap",142
"578","TUZZA Globale","studia","FULL METAL JACKET",0.553,2022-12-26 22:34:00,"medium","polish alternative rap",174
"579","TUZZA Globale","studia","FULL METAL JACKET",0.553,2022-12-27 14:51:00,"medium","polish alternative rap",103
"580","TUZZA Globale","wolne","FULL METAL JACKET",0.553,2022-12-18 15:56:00,"medium","polish alternative rap",34
"581","TUZZA Globale","wolne","FULL METAL JACKET",0.553,2022-12-27 14:51:00,"medium","polish alternative rap",11
"582","Two Feet","inne","Go Fuck Yourself",0.327,2022-12-29 16:59:50,"slow","indie poptimism",59
"583","Two Feet","studia","Go Fuck Yourself",0.327,2022-12-29 16:59:50,"slow","indie poptimism",33
"584","UPSAHL","inne","People I Don't Like",0.573,2022-12-29 15:47:54,"medium","alt z",5
"585","Vance Joy","studia","Riptide",0.731,2022-12-28 20:23:35,"fast","folk-pop",174
"586","Vance Joy","wolne","Riptide",0.731,2022-12-28 20:23:35,"fast","folk-pop",48
"587","Vito Bambino","inne","Chyba Wiem",0.542,2022-12-26 23:45:33,"medium","polish alternative",19
"588","Vito Bambino","inne","Chyba Wiem",0.542,2022-12-27 15:22:33,"medium","polish alternative",30
"589","Vito Bambino","inne","Chyba Wiem",0.542,2022-12-28 19:28:33,"medium","polish alternative",2
"590","Vito Bambino","inne","Last Puff",0.463,2022-12-28 11:12:56,"medium","polish alternative",1
"591","Vito Bambino","inne","Nudy",0.45,2022-12-29 16:37:53,"medium","polish alternative",246
"592","Vito Bambino","inne","Poszło",0.589,2022-12-27 15:32:15,"medium","polish alternative",38
"593","Vito Bambino","studia","Bunkrów Nie Ma",0.506,2022-12-28 11:52:12,"medium","polish alternative",237
"594","Vito Bambino","studia","Chyba Wiem",0.542,2022-12-26 23:45:33,"medium","polish alternative",152
"595","Vito Bambino","studia","Chyba Wiem",0.542,2022-12-26 23:54:33,"medium","polish alternative",187
"596","Vito Bambino","studia","Chyba Wiem",0.542,2022-12-27 15:22:33,"medium","polish alternative",104
"597","Vito Bambino","studia","Chyba Wiem",0.542,2022-12-27 15:53:33,"medium","polish alternative",128
"598","Vito Bambino","studia","Chyba Wiem",0.542,2022-12-28 10:17:33,"medium","polish alternative",179
"599","Vito Bambino","studia","Chyba Wiem",0.542,2022-12-28 19:28:33,"medium","polish alternative",165
"600","Vito Bambino","studia","Daddy Haze",0.551,2022-12-28 10:55:19,"medium","polish alternative",102
"601","Vito Bambino","studia","Daddy Haze",0.551,2022-12-29 12:50:44,"medium","polish alternative",13
"602","Vito Bambino","studia","L’amour",0.46,2022-12-28 10:46:37,"medium","polish alternative",142
"603","Vito Bambino","studia","L’amour",0.46,2022-12-29 11:51:37,"medium","polish alternative",97
"604","Vito Bambino","studia","Last Puff",0.463,2022-12-28 11:12:56,"medium","polish alternative",129
"605","Vito Bambino","studia","Maj",0.665,2022-12-28 11:33:10,"medium","polish alternative",173
"606","Vito Bambino","studia","Nie Róbmy Dzieci Dziś",0.385,2022-12-28 12:05:00,"medium","polish alternative",195
"607","Vito Bambino","studia","Poszło",0.589,2022-12-27 15:32:15,"medium","polish alternative",128
"608","Vito Bambino","studia","Poszło",0.589,2022-12-27 16:03:15,"medium","polish alternative",172
"609","Vito Bambino","studia","Poszło",0.589,2022-12-28 10:27:15,"medium","polish alternative",202
"610","Vito Bambino","studia","Poszło",0.589,2022-12-28 20:32:15,"medium","polish alternative",162
"611","Vito Bambino","studia","Poszło",0.589,2022-12-29 15:37:15,"medium","polish alternative",183
"612","Vito Bambino","studia","Rampage",0.433,2022-12-28 11:21:14,"medium","polish alternative",225
"613","Vito Bambino","wolne","Chyba Wiem",0.542,2022-12-26 23:45:33,"medium","polish alternative",11
"614","Vito Bambino","wolne","Chyba Wiem",0.542,2022-12-27 15:22:33,"medium","polish alternative",1
"615","Vito Bambino","wolne","Last Puff",0.463,2022-12-28 11:12:56,"medium","polish alternative",8
"616","Vito Bambino","wolne","Poszło",0.589,2022-12-28 20:32:15,"medium","polish alternative",23
"617","Vito Bambino","wolne","Rampage",0.433,2022-12-18 16:51:14,"medium","polish alternative",232
"618","Vixen","studia","Iskra",0.749,2022-12-21 16:03:49,"fast","polish alternative rap",130
"619","Vixen","studia","Sam",0.719,2022-12-21 16:24:03,"fast","polish alternative rap",146
"620","Vulfpeck","inne","Fugue State",0.465,2022-12-22 13:30:18,"medium","ann arbor indie",23
"621","Vulfpeck","studia","Fugue State",0.465,2022-12-18 13:46:18,"medium","ann arbor indie",90
"622","Vulfpeck","studia","Fugue State",0.465,2022-12-22 13:30:18,"medium","ann arbor indie",123
"623","Vulfpeck","studia","The Speedwalker",0.549,2022-12-22 13:14:24,"medium","ann arbor indie",35
"624","Vulfpeck","wolne","Fugue State",0.465,2022-12-18 13:46:18,"medium","ann arbor indie",59
"625","WCK","inne","Lubię pachnieć Tobą",0.582,2022-12-28 11:17:12,"medium","polish alternative rap",1
"626","WCK","inne","Lubię pachnieć Tobą",0.582,2022-12-29 16:41:34,"medium","polish alternative rap",77
"627","WCK","inne","Lubię pachnieć Tobą",0.582,2022-12-29 18:49:12,"medium","polish alternative rap",66
"628","WCK","studia","Lubię pachnieć Tobą",0.582,2022-12-28 11:17:12,"medium","polish alternative rap",185
"629","WCK","studia","Lubię pachnieć Tobą",0.582,2022-12-29 11:45:41,"medium","polish alternative rap",18
"630","WCK","studia","Lubię pachnieć Tobą",0.582,2022-12-29 18:49:12,"medium","polish alternative rap",135
"631","Wham!","inne","Last Christmas",0.478,2022-12-27 13:17:37,"medium","new wave pop",208
"632","Wham!","studia","Last Christmas",0.478,2022-12-27 13:17:37,"medium","new wave pop",12
"633","Wpierpol","studia","Rozmowa Kwalifikacyjna",0.774,2022-12-21 15:10:49,"fast","polish alternative rap",209
"634","Wpierpol","studia","Rozmowa Kwalifikacyjna",0.774,2022-12-27 14:56:01,"fast","polish alternative rap",45
"635","Zdechły Osa","studia","West Coast",0.86,2022-12-26 22:53:50,"fast","polish alternative rap",129
"636","Zdechły Osa","studia","West Coast",0.86,2022-12-27 17:10:50,"fast","polish alternative rap",137
"637","Zdechły Osa","studia","West Coast",0.86,2022-12-27 19:41:50,"fast","polish alternative rap",181
"638","Zdechły Osa","wolne","West Coast",0.86,2022-12-26 22:53:50,"fast","polish alternative rap",10
"639","Zdechły Osa","wolne","West Coast",0.86,2022-12-27 17:10:50,"fast","polish alternative rap",20
